﻿<?xml version="1.0" encoding="utf-8"?>
<manifest identifier="_5yShUSdexhR" version="1.0" xmlns="http://www.imsproject.org/xsd/imscp_rootv1p1p2" xmlns:adlcp="http://www.adlnet.org/xsd/adlcp_rootv1p2" xmlns:xsi="http://www.w3.org/2001/XMLSchema-instance" xsi:schemaLocation="http://www.imsproject.org/xsd/imscp_rootv1p1p2 imscp_rootv1p1p2.xsd http://www.imsglobal.org/xsd/imsmd_rootv1p2p1 imsmd_rootv1p2p1.xsd http://www.adlnet.org/xsd/adlcp_rootv1p2 adlcp_rootv1p2.xsd">
  <metadata>
    <schema>ADL SCORM</schema>
    <schemaversion>1.2</schemaversion>
    <lom xmlns="http://www.imsglobal.org/xsd/imsmd_rootv1p2p1" xmlns:xsi="http://www.w3.org/2001/XMLSchema-instance" xsi:schemaLocation="http://www.imsglobal.org/xsd/imsmd_rootv1p2p1 imsmd_rootv1p2p1.xsd">
      <general>
        <title>
          <langstring xml:lang="x-none">Learning Style Quiz</langstring>
        </title>
      </general>
      <lifecycle>
        <version>
          <langstring xml:lang="x-none">1</langstring>
        </version>
        <status>
          <source>
            <langstring xml:lang="x-none">LOMv1.0</langstring>
          </source>
          <value>
            <langstring xml:lang="x-none">Final</langstring>
          </value>
        </status>
      </lifecycle>
      <metametadata>
        <metadatascheme>ADL SCORM 1.2</metadatascheme>
      </metametadata>
      <educational>
        <typicallearningtime>
          <datetime>PT0H0M0S</datetime>
        </typicallearningtime>
      </educational>
      <rights>
        <cost>
          <source>
            <langstring xml:lang="x-none">LOMv1.0</langstring>
          </source>
          <value>
            <langstring xml:lang="x-none">yes</langstring>
          </value>
        </cost>
        <copyrightandotherrestrictions>
          <source>
            <langstring xml:lang="x-none">LOMv1.0</langstring>
          </source>
          <value>
            <langstring xml:lang="x-none">yes</langstring>
          </value>
        </copyrightandotherrestrictions>
      </rights>
    </lom>
  </metadata>
  <organizations default="Learning_Style_Quiz_ORG">
    <organization identifier="Learning_Style_Quiz_ORG">
      <title>Learning Style Quiz</title>
      <item identifier="Learning_Style_Quiz_SCO" isvisible="true" identifierref="__5yShUSdexhR_RES">
        <title>Learning Style Quiz</title>
      </item>
    </organization>
  </organizations>
  <resources>
    <resource identifier="__5yShUSdexhR_RES" type="webcontent" href="index_lms.html" adlcp:scormtype="sco">
      <file href="story_content/thumbnail.jpg" />
      <file href="mobile/6QLugDLhjYj_P_0_0_1383_1112.jpg" />
      <file href="mobile/6O5mSg99903.png" />
      <file href="mobile/6O5mSg99903_C-40.png" />
      <file href="meta.xml" />
      <file href="story_content/user.js" />
      <file href="mobile/Shape6mACC2adXyV.png" />
      <file href="html5/data/css/output.min.css" />
      <file href="html5/data/js/5aR7KIg0Aee.js" />
      <file href="html5/data/js/5djTjjgNGhx.js" />
      <file href="html5/data/js/5gIiQlgOAoE.js" />
      <file href="html5/data/js/5h0KzXtS4De.js" />
      <file href="html5/data/js/5p9v8pbNYRz.js" />
      <file href="html5/data/js/5qoqViye74c.js" />
      <file href="html5/data/js/5qy9jYq5ybX.js" />
      <file href="html5/data/js/5tl6nKj8TEg.js" />
      <file href="html5/data/js/5uEdwqLfYis.js" />
      <file href="html5/data/js/5Uky28yEpZc.js" />
      <file href="html5/data/js/5zh46Jp7idp.js" />
      <file href="html5/data/js/60ASAuZ3RpU.js" />
      <file href="html5/data/js/6bScH30iuBL.js" />
      <file href="html5/data/js/6bvSYfIapTq.js" />
      <file href="html5/data/js/6cJLZyFJUhM.js" />
      <file href="html5/data/js/6cUBU521Z3L.js" />
      <file href="html5/data/js/6Fe6UhQX9TN.js" />
      <file href="html5/data/js/6g6LsIxS2lM.js" />
      <file href="html5/data/js/6iB1bEE3z0Y.js" />
      <file href="html5/data/js/6JCHGRK5NfZ.js" />
      <file href="html5/data/js/6jTs4xAJwao.js" />
      <file href="html5/data/js/6lNvoLQnVdI.js" />
      <file href="html5/data/js/6YDsy2yFKYj.js" />
      <file href="html5/data/js/data.js" />
      <file href="html5/data/js/frame.js" />
      <file href="html5/data/js/paths.js" />
      <file href="html5/lib/hls/hls.min.js" />
      <file href="html5/lib/scripts/bootstrapper.min.js" />
      <file href="html5/lib/scripts/frame.desktop.min.js" />
      <file href="html5/lib/scripts/frame.mobile.min.js" />
      <file href="html5/lib/scripts/slides.min.js" />
      <file href="html5/lib/stylesheets/desktop.min.css" />
      <file href="html5/lib/stylesheets/mobile.min.css" />
      <file href="html5/lib/stylesheets/mobile-fonts/open-sans-bold.woff" />
      <file href="html5/lib/stylesheets/mobile-fonts/open-sans-light.woff" />
      <file href="html5/lib/stylesheets/mobile-fonts/open-sans-regular.woff" />
      <file href="analytics-frame.html" />
      <file href="story.html" />
      <file href="index_lms.html" />
      <file href="lms/AICCComm.html" />
      <file href="lms/blank.html" />
      <file href="lms/browsersniff.js" />
      <file href="lms/goodbye.html" />
      <file href="lms/scormdriver.js" />
    </resource>
  </resources>
</manifest>